[{"email":"","password":""},{"email":"asdf","password":"1234"},{"email":"rahat3286@gmail.com","password":"123456"},{"email":"rahat3286@gmail.com","password":"1233456"},{"email":"rahat3286@gmail.com","password":"123456"},{"email":"mushfig2756@gmail.com","password":"123456"},{"email":"hgfdsa","password":",mnbvcxz"},{"email":"mushfig2756@gmail.com","password":"123456"},{"email":"mushfig2756@gmail.com","password":"123456"},{"email":"mushfig2756@gmail.com","password":"123456"},{"email":"","password":""},{"email":"atique@gmail.com","password":"123456"},{"email":"atique@gmail.com","password":"123456"},{"email":"mushfig2756@gmail.com","password":"123456"},{"email":"mohim@gmail.com","password":"1234556"},{"email":"mohim@gmail.com","password":"123456"},{"email":"mushfig2756@gmail.com","password":"123456"},{"email":"","password":""},{"email":"","password":""},{"email":"","password":""},{"email":"","password":""},{"email":"","password":""},{"email":"","password":""},{"email":"","password":""},{"email":"","password":""},{"email":"","password":""},{"email":"hgfdsanbvgfdsa","password":"hgfdsa"},{"email":"mushfig2756@gmail.com","password":"123456"},{"email":"mushfig2756@gmail.com","password":"123456"},{"email":"mushfig2756@gmail.com","password":"123456"},{"email":"","password":""},{"email":"","password":""},{"email":"","password":""},{"email":"","password":""},{"email":"","password":""},{"email":"","password":""},{"email":"","password":""},{"email":"","password":""},{"email":"","password":""},{"email":"","password":""},{"email":"","password":""},{"email":"","password":""},{"email":"jhgfds","password":""},{"email":"","password":""},{"email":"","password":""},{"email":"","password":""},{"email":"","password":""},{"email":"vbn","password":""},{"email":"","password":""},{"email":"","password":""},{"email":"","password":""},{"email":"","password":""},{"email":"","password":""},{"email":"","password":""},{"email":"","password":""},{"email":"","password":""},{"email":"","password":""},{"email":"","password":""},{"email":"","password":""},{"email":"","password":""},{"email":"","password":""},{"email":"","password":""},{"email":"","password":""},{"email":"","password":""},{"email":"","password":""},{"email":"","password":""},{"email":"","password":""},{"email":"nm","password":""},{"email":"kuytre","password":";lkjhgfds"},{"email":"","password":""},{"email":"","password":""},{"email":"","password":""},{"email":"","password":""},{"email":"","password":""},{"email":"","password":""},{"email":"jhgfdsjhgfd","password":"hgfdsjhgfd"},{"email":"jhgfdsjhgfd","password":""},{"email":"","password":""},{"email":"","password":""},{"email":"","password":""},{"email":"","password":""},{"email":"mushfig2756@gmail.com","password":"123456"},{"email":"mushfig2756@gmail.com","password":""},{"email":"mushfig2756@gmail.com","password":""},{"email":"mushfig2756@gmail.com","password":"123456"},{"email":"mushfig2756@gmail.com","password":"123456"},{"email":"mushfig2756@gmail.com","password":"123456"},{"email":"mushfig2756@gmail.com","password":"123456"},{"email":"mushfig2756@gmail.com","password":"123456"},{"email":"mushfig2756@gmail.com","password":"gfrewfvfds"},{"email":"mushfig2756@gmail.com","password":"123456"},{"email":"mushfig2756@gmail.com","password":"15'.,,"},{"email":"mushfig2756@gmail.com","password":"kjhgfdxz"},{"email":"mushfig2756@gmail.com","password":"123456"},{"email":"mushfig2756@gmail.com","password":"123456"},{"email":"mushfig2756@gmail.com","password":"123456"},{"email":"arik@gmail.com","password":"123456"},{"email":"mushfig2756@gmail.com","password":"141414"},{"email":"mushfig2756@gmail.com","password":"gfdsdfvfdsdv"},{"email":"mushfig2756@gmail.com","password":"1234568"},{"email":"mushfig2756@gmail.com","password":"14147"},{"email":"mushfig2756@gmail.com","password":"1414789"},{"email":"mushfig2756@gmail.com","password":"hgfdfgbgfdfvfd"},{"email":"mushfig2756@gmail.com","password":"45554645645"},{"email":"mushfig2756@gmail.com","password":"55"},{"email":"mushfig2756@gmail.com","password":"4554524524556"},{"email":"mushfig2756@gmail.com","password":"123456"},{"email":"mushfig2756@gmail.com","password":"123456"},{"email":"mushfig2756@gmail.com","password":"123456"},{"email":"mushfig2756@gmail.com","password":"123456"},{"email":"mushfig2756@gmail.com","password":"123478"},{"email":"mushfig2756@gmail.com","password":"123456"},{"email":"","password":""},{"email":"","password":""},{"email":"","password":""},{"email":"","password":""},{"email":"","password":""},{"email":"","password":""},{"email":"","password":""},{"email":"","password":""},{"email":"","password":""},{"email":"","password":""},{"email":"","password":""},{"email":"","password":""},{"email":"","password":""},{"email":"","password":""},{"email":"","password":""},{"email":"","password":""},{"email":"","password":""},{"email":"","password":""},{"email":"","password":""},{"email":"","password":""},{"email":"","password":""},{"email":"","password":""},{"email":"","password":""},{"email":"","password":""},{"email":"","password":""},{"email":"","password":""},{"email":"","password":""},{"email":"","password":""},{"email":"","password":""},{"email":"","password":""},{"email":"","password":""},{"email":"","password":""},{"email":null,"password":null},{"email":null,"password":null},{"email":null,"password":null},{"email":null,"password":null},{"email":null,"password":null},{"email":null,"password":null},{"email":null,"password":null},{"email":null,"password":null},{"email":null,"password":null},{"email":null,"password":null},{"email":null,"password":null},{"email":null,"password":null},{"email":null,"password":null},{"email":"","password":""},{"email":"","password":""},{"email":"","password":""},{"email":"","password":""},{"email":"","password":""},{"email":"","password":""},{"email":"","password":""},{"email":"hgjfkds","password":""},{"email":"hgjfkds","password":""},{"email":"","password":""},{"email":"","password":""},{"email":"","password":""},{"email":"","password":""},{"email":"","password":""},{"email":"","password":""},{"email":"","password":""},{"email":"hfjdsk","password":"vgfhjdks"},{"email":"hfjdsk","password":"vgfhjdks"},{"email":"hfjdsk","password":"vgfhjdks"},{"email":"","password":""},{"email":"mushfig2756@gmail.com","password":"123456"},{"email":"","password":""},{"email":"","password":""},{"email":"","password":""},{"email":"","password":""},{"email":"mushfig2756@gmail.com","password":"123456"},{"email":"mushfig2756@gmail.com","password":"123456"},{"email":"mushfig2756@gmail.com","password":""},{"email":"mushfig2756@gmail.com","password":""},{"email":"","password":""},{"email":"","password":""},{"email":"","password":""},{"email":"mushfig2756@gmail.com","password":"123456"},{"email":"","password":""},{"email":"","password":""},{"email":"mushfig2756@gmail.com","password":"123456"},{"email":"mushfig2756@gmail.com","password":"123456"},{"email":"","password":""},{"email":"","password":""},{"email":"","password":""},{"email":"","password":""},{"email":"","password":""},{"email":"","password":""},{"email":"","password":""},{"email":"","password":""},{"email":"","password":""},{"email":"","password":""},{"email":"mushfig2756@gmail.com","password":"123456"},{"email":"mushfig2756@gmail.com","password":"123456"},{"email":"","password":""},{"email":"mushfig2756@gmail.com","password":"123456"},{"email":"","password":""},{"email":"mushfig2756@gmail.com","password":"123456"},{"email":"mushfig2756@gmail.com","password":""},{"email":"mushfig2756@gmail.com","password":""},{"email":"19-40067-1@student.aiub.edu","password":"123456"},{"email":"19-40067-1@student.aiub.edu","password":"123456"},{"email":"mushfig2756@gmail.com","password":"123456"},{"email":"","password":""},{"email":"mushfig2756@gmail.com","password":"123456"},{"email":"","password":""},{"email":"","password":""},{"email":"","password":""},{"email":"19-40067-1@student.aiub.edu","password":"123456"},{"email":"mushfig2756@gmail.com","password":"123456"},{"email":"","password":""},{"email":"","password":""},{"email":"","password":""},{"email":"","password":""},{"email":"arik@gmail.com","password":"123456"},{"email":"arik@gmail.com","password":"123456"},{"email":"helloworld@gmail.com","password":"123456"},{"email":"mushfig2756@gmail.com","password":"123456"},{"email":"arik@gmail.com","password":"123456"},{"email":"arik@gmail.com","password":""},{"email":"mushfig2756@gmail.com","password":"123456"},{"email":"arik@gmail.com","password":"123456"},{"email":"arik@gmail.com","password":""},{"email":"mushfig2756@gmail.com","password":"123456"},{"email":"mushfig2756@gmail.com","password":"123456"},{"email":"mushfig2756@gmail.com","password":"123456"},{"email":"mushfig2756@gmail.com","password":"123456"},{"email":"mushfig2756@gmail.com","password":"123456"},{"email":"mushfig2756@gmail.com","password":"123456"},{"email":"","password":""},{"email":"","password":""},{"email":"","password":""},{"email":"","password":""},{"email":"","password":""},{"email":"","password":""},{"email":"mansu@gmail.com","password":"123456"},{"email":"","password":""},{"email":"","password":""},{"email":"","password":""},{"email":"mushfig2756@gmail.com","password":""},{"email":"mushfig2756@gmail.com","password":"123456"},{"email":"","password":""},{"email":"","password":""},{"email":"","password":""},{"email":"","password":""},{"email":"mushfig2756@gmail.com","password":"123456"},{"email":"mushfig2756@gmail.com","password":"123456"},{"email":"mushfig2756@gmail.com","password":"123456"},{"email":"mushfig2756@gmail.com","password":"123456"},{"email":"mushfig2756@gmail.com","password":"123456"},{"email":"mushfig2756@gmail.com","password":"123456"},{"email":"mushfig2756@gmail.com","password":"123456"},{"email":"subrina@gmail.com","password":"123456"},{"email":"subrina@gmail.com","password":"123456"},{"email":"mushfig2756@gmail.com","password":"123456"},{"email":"subrina@gmail.com","password":"123456"},{"email":"mushfig2756@gmail.com","password":"123456"},{"email":"subrina@gmail.com","password":"123456"},{"email":"subrina@gmail.com","password":"123456"},{"email":"subrina@gmail.com","password":"123456"},{"email":"mushfig2756@gmail.com","password":"123456"},{"email":"","password":""},{"email":"mushfig2756@gmail.com","password":"123456"},{"email":"mushfig2756@gmail.com","password":"123456"},{"email":"","password":""},{"email":"mushfig2756@gmail.com","password":"123456"},{"email":"mushfig2756@gmail.com","password":"123456"},{"email":null,"password":null},{"email":"mushfig2756@gmail.com","password":"123456"},{"email":"mushfig2756@gmail.com","password":"123456"},{"email":"mushfig2756@gmail.com","password":"123456"},{"email":"","password":""},{"email":",mnjhgfd","password":"mjnhgfdsa"},{"email":",mnjhgfd","password":""},{"email":"","password":""},{"email":"","password":""},{"email":"","password":""},{"email":"","password":""},{"email":"mushfig2756@gmail.com","password":"123456"},{"email":"subrina@gmail.com","password":"123456"},{"email":"","password":""},{"email":"mushfig2756@gmail.com","password":"123456"},{"email":"mushfig2756@gmail.com","password":"123456"},{"email":"tanvir738810@gmail.com","password":"Tanvir28"},{"email":"tanvir738810@gmail.com","password":"Tanvir28#"},{"email":"tanvir738810@gmail.com","password":"Tanvir28#"},{"email":"advc@gmai.com","password":"advc"},{"email":"advc@gmai.com","password":"1234"},{"email":"advc@gmail.com","password":"1234"},{"email":"tanvir738810@gmail.com","password":"tANVIR28#"},{"email":"tanvir738810@gmail.com","password":"Tanvir283"},{"email":"tanvir738810@gmail.com","password":"Tanvir283"},{"email":"tanvir738810@gmail.com","password":"Tanvir28#"},{"email":"tanvir738810@gmail.com","password":"Tanvir283"},{"email":"tanvir738810@gmail.com","password":"Tanvir28#"},{"email":"tanvir738810@gmail.com","password":"Tanvir28"},{"email":"admin@gmail.com","password":"1234"},{"email":"admin@gmail.com","password":"1234"},{"email":"admin@gmail.com","password":"1234"},{"email":"admin@gmail.com","password":"1234"},{"email":"admin@gmail.com","password":"1234"},{"email":"advc@gmai.com","password":"1234"},{"email":"advc@gmai.com","password":"1234"},{"email":"advc@gmai.com","password":"1234"},{"email":"advc@gmail.com","password":"1234"},{"email":"admin@gmail.com","password":"1234"},{"email":"advc@gmail.com","password":"1234"},{"email":"admin@gmail.com","password":"12234"},{"email":"admin@gmail.com","password":"1234"},{"email":"advc@gmail.com","password":"1234"},{"email":"admin@gmail.com","password":"1234"},{"email":"advc@gmail.com","password":"1234"},{"email":"admin@gmail.com","password":"1234"},{"email":"advc@gmail.com","password":"1234"},{"email":"admin@gmail.com","password":"1234"},{"email":"advc@gmai.com","password":"1234"},{"email":"advc@gmail.com","password":"1234"},{"email":"admin@gmail.com","password":"1234"},{"email":"advc@gmai.com","password":"1234"},{"email":"advc@gmail.com","password":"1234"},{"email":"admin@gmail.com","password":"1234"},{"email":"admin@gmail.com","password":"1234"},{"email":"admin@gmail.com","password":"1234"},{"email":"advc@gmail.com","password":"1234"},{"email":"admin@gmail.com","password":"1234"},{"email":"advc@gmail.com","password":"1234"},{"email":"advc@gmail.com","password":"1234"},{"email":"advc@gmail.com","password":"1234"},{"email":"admin@gmail.com","password":"1234"},{"email":"advc@gmail.com","password":"1234"},{"email":"admin@gmail.com","password":"1234"},{"email":"advc@gmail.com","password":"1234"},{"email":"admin@gmail.com","password":"1234"},{"email":"admin@gmail.com","password":"1234"},{"email":"advc@gmail.com","password":"1234"},{"email":"admin@gmail.com","password":"1234"},{"email":"","password":""},{"email":"admin@gmail.com","password":"sdasdasf"},{"email":"","password":""},{"email":"admin@gmail.com","password":"1234"},{"email":"admin@gmail.com","password":"rweewrtwrte"},{"email":"admin@gmail.com","password":"rweewrtwrte"},{"email":"admin@gmail.com","password":"rweewrtwrte"},{"email":"","password":""},{"email":"admin@gmail.com","password":"fsfsgs"},{"email":"admin@gmail.com","password":"fsfsgs"},{"email":"admin@gmail.com","password":"fsfsgs"},{"email":"","password":""},{"email":"gsg","password":"gs"},{"email":"gsg","password":"gs"},{"email":"gsg","password":"gs"},{"email":"","password":""},{"email":"admin@gmail.com","password":"1234"},{"email":"admin@gmail.com","password":"1234"},{"email":"admin@gmail.com","password":"1234"},{"email":"","password":""},{"email":"admin@gmail.com","password":"1234"},{"email":"admin@gmail.com","password":"1234"},{"email":"admin@gmail.com","password":"1234"},{"email":"","password":""},{"email":"admin@gmail.com","password":"1234"},{"email":"","password":""},{"email":"admin@gmail.com","password":"1234"},{"email":"","password":""},{"email":"","password":""},{"email":"admin@gmail.com","password":"1234"},{"email":"admin@gmail.com","password":"eewrfwerw"},{"email":"admin@gmail.com","password":""},{"email":"","password":""},{"email":"","password":""},{"email":"","password":""},{"email":"admin@gmail.com","password":"1234"},{"email":"","password":""},{"email":"admin@gmail.com","password":"erewr"},{"email":"admin@gmail.com","password":"erewr"},{"email":"","password":""},{"email":"","password":""},{"email":"admin@gmail.com","password":"gfgdf"},{"email":"admin@gmail.com","password":"gfgdf"},{"email":"","password":""},{"email":"admin@gmail.com","password":"1234"},{"email":"admin@gmail.com","password":"wewqdwr"},{"email":"admin@gmail.com","password":"wewqdwr"},{"email":"","password":""},{"email":"admin@gmail.com","password":"adaa"},{"email":"admin@gmail.com","password":"1234"},{"email":"","password":""},{"email":"admin@gmail.com","password":"1234"},{"email":"admin@gmail.com","password":"rweterte"},{"email":"","password":""},{"email":"admin@gmail.com","password":"retgrete"},{"email":"admin@gmail.com","password":"retgrete"},{"email":"","password":""},{"email":"admin@gmail.com","password":"gtrtrt"},{"email":"admin@gmail.com","password":"1234"},{"email":"admin@gmail.com","password":"1234"},{"email":"admin@gmail.com","password":"1234"},{"email":"admin@gmail.com","password":"1234"},{"email":"admin@gmail.com","password":"1234"},{"email":"admin@gmail.com","password":"1234"},{"email":"admin@gmail.com","password":"1234"},{"email":"admin@gmail.com","password":"1234"},{"email":"admin@gmail.com","password":"1234"},{"email":"admin@gmail.com","password":"1234"},{"email":"admin@gmail.com","password":"1234"},{"email":"admin@gmail.com","password":"1234"},{"email":"admin@gmail.com","password":"1234"},{"email":"admin@gmail.com","password":"1234"},{"email":"advc@gmail.com","password":"1234"},{"email":"admin@gmail.com","password":"1234"},{"email":"","password":""},{"email":"admin@gmail.com","password":"1234"},{"email":"","password":""},{"email":"","password":""},{"email":"admin@gmail.com","password":"1234"},{"email":"","password":""},{"email":"admin@gmail.com","password":"egrtgrthret"},{"email":"admin@gmail.com","password":"egrtgrthret"},{"email":"admin@gmail.com","password":"egrtgrthret"},{"email":"","password":""},{"email":"admin@gmail.com","password":"wertyw53"},{"email":"admin@gmail.com","password":"wertyw53"},{"email":"","password":""},{"email":"admin@gmail.com","password":"rtwet3t543"},{"email":"admin@gmail.com","password":"rtwet3t543"},{"email":"admin@gmail.com","password":"yuyt"},{"email":"tyu","password":"tyu"},{"email":"tyu","password":"tyu"},{"email":"","password":""},{"email":"admin@gmail.com","password":"fgsfgwr"},{"email":"admin@gmail.com","password":"fgsfgwr"},{"email":"","password":""},{"email":"admin@gmail.com","password":"fwrtrew"},{"email":"admin@gmail.com","password":"fwrtrew"},{"email":"admin@gmail.com","password":"etyeyyet"},{"email":"","password":""},{"email":"admin@gmail.com","password":"ewrtwert"},{"email":"admin@gmail.com","password":"ewrtwert"},{"email":"admin@gmail.com","password":"ertert"},{"email":"admin@gmail.com","password":"ertert"},{"email":"","password":""},{"email":"admin@gmail.com","password":"retertert"},{"email":"admin@gmail.com","password":"tywetyetyty"},{"email":"admin@gmail.com","password":"tywetyetyty"},{"email":"","password":""},{"email":"admin@gmail.com","password":"rterty"},{"email":"","password":""},{"email":"admin@gmail.com","password":"rtetrer"},{"email":"ert","password":""},{"email":"ert","password":""},{"email":"","password":""},{"email":"","password":""},{"email":"","password":""},{"email":"","password":""},{"email":"","password":""},{"email":"","password":""},{"email":"admin@gmail.com","password":"1234"},{"email":"admin@gmail.com","password":"1234"},{"email":"","password":""},{"email":"admin@gmail.com","password":"6eutrutr"},{"email":"admin@gmail.com","password":"1234"},{"email":"","password":""},{"email":"admin@gmail.com","password":"teyr"},{"email":"admin@gmail.com","password":"teyr"},{"email":"admin@gmail.com","password":"teyr"},{"email":"admin@gmail.com","password":"teyr"},{"email":"admin@gmail.com","password":"teyr"},{"email":"admin@gmail.com","password":"teyr"},{"email":"admin@gmail.com","password":"teyr"},{"email":"admin@gmail.com","password":"teyr"},{"email":"admin@gmail.com","password":"teyr"},{"email":"admin@gmail.com","password":"teyr"},{"email":"admin@gmail.com","password":"teyr"},{"email":"admin@gmail.com","password":"teyr"},{"email":"admin@gmail.com","password":"teyr"},{"email":"admin@gmail.com","password":"teyr"},{"email":"admin@gmail.com","password":"teyr"},{"email":"admin@gmail.com","password":"teyr"},{"email":"admin@gmail.com","password":"teyr"},{"email":"","password":""},{"email":"admin@gmail.com","password":"dbdhsbgfhfgh"},{"email":"admin@gmail.com","password":"gfghfdhfghgf"},{"email":"admin@gmail.com","password":"gfghfdhfghgf"},{"email":"","password":""},{"email":"admin@gmail.com","password":"gfdgfdgfd"},{"email":"admin@gmail.com","password":"gfdgfdgfd"},{"email":"","password":""},{"email":"admin@gmail.com","password":"wfrwerer"},{"email":"","password":""},{"email":"admin@gmail.com","password":"123455"},{"email":"admin@gmail.com","password":"1235"},{"email":"admin@gmail.com","password":"1234"},{"email":"","password":""},{"email":"","password":""},{"email":"","password":""},{"email":"","password":""},{"email":"","password":""},{"email":"","password":""},{"email":"admin@gmail.com","password":"1234"},{"email":"","password":""},{"email":"","password":""},{"email":"","password":""},{"email":"","password":""},{"email":"","password":""},{"email":"","password":""},{"email":"","password":""},{"email":"","password":""},{"email":"","password":""},{"email":"","password":""},{"email":"","password":""},{"email":"","password":""},{"email":"","password":""},{"email":"","password":""},{"email":"","password":""},{"email":"","password":""},{"email":"","password":""},{"email":"","password":""},{"email":"","password":""},{"email":"","password":""},{"email":"","password":""},{"email":"","password":""},{"email":"admin@gmail.com","password":"1234"},{"email":"","password":""},{"email":"admin@gmail.com","password":"tgtryr"},{"email":"admin@gmail.com","password":"tgtryr"},{"email":"","password":""},{"email":"","password":""},{"email":"admin@gmail.comwr","password":"rtrete"},{"email":"admin@gmail.comwr","password":"rtrete"},{"email":"","password":""},{"email":"admin@gmail.com","password":"gdfgd"},{"email":"admin@gmail.com","password":"1234"},{"email":"","password":""},{"email":"admin@gmail.com","password":"1234"},{"email":"","password":""},{"email":"admin@gmail.com","password":"ertert"},{"email":"admin@gmail.com","password":"ertert"},{"email":"admin@gmail.com","password":"1234"},{"email":"","password":""},{"email":"admin@gmail.com","password":"rwrwrrtret"},{"email":"","password":""},{"email":"admin@gmail.com","password":"qwer"},{"email":"admin@gmail.com","password":"wfwerfw"},{"email":"","password":""},{"email":"admin@gmail.com","password":"yt"},{"email":"","password":""},{"email":"admin@gmail.com","password":"1234"},{"email":"admin@gmail.com","password":"1234"},{"email":"admin@gmail.com","password":"1234"},{"email":"admin@gmail.com","password":"1234"},{"email":"ac@gmail.com","password":"1234"}]