[{"email":"addd@gmail.com","userpassword":"1234","confirmpassword":"1234","username":"adda","usertypes":"admin"},{"email":"","userpassword":"","confirmpassword":"","username":"","usertypes":"admin"},{"email":"","userpassword":"","confirmpassword":"","username":"","usertypes":"admin"},{"email":"rahat3286@gmail.com","userpassword":"123456","confirmpassword":"123456","username":"mushfiq","usertypes":"customer"},{"email":"","userpassword":"","confirmpassword":"","username":"","usertypes":"admin"},{"email":"","userpassword":"","confirmpassword":"","username":"","usertypes":"admin"},{"email":"","userpassword":"","confirmpassword":"","username":"","usertypes":"admin"},{"email":"","userpassword":"","confirmpassword":"","username":"","usertypes":"admin"},{"email":"","userpassword":"","confirmpassword":"","username":"","usertypes":"admin"},{"email":"mushfig2756@gmail.com","userpassword":"123456","confirmpassword":"123456","username":"mushfiq","usertypes":"customer"},{"email":"mushfig2756@gmail.com","userpassword":"123456","confirmpassword":"123456","username":"mushfiq","usertypes":"customer"},{"email":"","userpassword":"","confirmpassword":"","username":"","usertypes":"admin"},{"email":"","userpassword":"","confirmpassword":"","username":".,mnbvcx","usertypes":"admin"},{"email":"atique@gmail.com","userpassword":"123456","confirmpassword":"","username":"atiq","usertypes":"tourguide"},{"email":"","userpassword":"","confirmpassword":"","username":"","usertypes":"admin"},{"email":"","userpassword":"","confirmpassword":"","username":"hgfdsa","usertypes":"admin"},{"email":"atique@gmail.com","userpassword":"123456","confirmpassword":"123456","username":"atique","usertypes":"admin"},{"email":"mohim@gmail.com","userpassword":"123456","confirmpassword":"123456","username":"mohim","usertypes":"admin"},{"email":"","userpassword":"","confirmpassword":"","username":"","usertypes":"admin"},{"email":"mohim@gmail.com","userpassword":"123456","confirmpassword":"123456","username":"myadmin","usertypes":"customer"},{"email":"","userpassword":"","confirmpassword":"","username":null,"usertypes":""},{"email":"","userpassword":"","confirmpassword":"","username":null,"usertypes":""},{"email":"","userpassword":"","confirmpassword":"","username":null,"usertypes":""},{"email":"","userpassword":"","confirmpassword":"","username":null,"usertypes":""},{"email":"","userpassword":"","confirmpassword":"","username":null,"usertypes":""},{"email":"","userpassword":"","confirmpassword":"","username":null,"usertypes":""},{"email":"","userpassword":"","confirmpassword":"","username":null,"usertypes":""},{"email":"","userpassword":"","confirmpassword":"","username":null,"usertypes":""},{"email":"","userpassword":"","confirmpassword":"","username":"","usertypes":""},{"email":"","userpassword":"","confirmpassword":"","username":"","usertypes":""},{"email":"","userpassword":"","confirmpassword":"","username":"fghjkl","usertypes":""},{"email":"","userpassword":"","confirmpassword":"","username":"fghjkl","usertypes":""},{"email":"","userpassword":"","confirmpassword":"","username":"","usertypes":""},{"email":"","userpassword":"","confirmpassword":"","username":"","usertypes":""},{"email":"","userpassword":"","confirmpassword":"","username":"","usertypes":""},{"email":"","userpassword":"","confirmpassword":"","username":"","usertypes":""},{"email":"","userpassword":"","confirmpassword":"","username":"","usertypes":""},{"email":"","userpassword":"","confirmpassword":"","username":"","usertypes":null},{"email":"","userpassword":"","confirmpassword":"","username":"","usertypes":""},{"email":"","userpassword":"","confirmpassword":"","username":"","usertypes":""},{"email":"","userpassword":"","confirmpassword":"","username":"","usertypes":""},{"email":"","userpassword":"","confirmpassword":"","username":"","usertypes":""},{"email":"","userpassword":"","confirmpassword":"","username":"","usertypes":""},{"email":"","userpassword":"","confirmpassword":"","username":"","usertypes":""},{"email":"","userpassword":"","confirmpassword":"","username":"","usertypes":""},{"email":"","userpassword":"","confirmpassword":"","username":"","usertypes":""},{"email":"","userpassword":"","confirmpassword":"","username":"","usertypes":""},{"email":"19-40067-1@student.aiub.edu","userpassword":"123456789","confirmpassword":"12345567898","username":"hgfdsfgfr","usertypes":"manager"},{"email":"19-40067-1@student.aiub.edu","userpassword":"123456","confirmpassword":"123456","username":"hgfdsfgfr","usertypes":"manager"},{"email":"arik@gmail.com","userpassword":"asdfg","confirmpassword":"asdfg","username":"arik","usertypes":"tourguide"},{"email":"19-40067-1@student.aiub.edu","userpassword":"123456","confirmpassword":"123456","username":"hgfdsfgfr","usertypes":"manager"},{"email":"19-40067-1@student.aiub.edu","userpassword":"123456","confirmpassword":"123456","username":"hgfdsfgfr","usertypes":"manager"},{"email":"19-40067-1@student.aiub.edu","userpassword":"123456","confirmpassword":"123456","username":"hgfdsfgfr","usertypes":"manager"},{"email":"19-40067-1@student.aiub.edu","userpassword":"123456","confirmpassword":"123456","username":"hgfdsfgfr","usertypes":"manager"},{"email":"19-40067-1@student.aiub.edu","userpassword":"123456","confirmpassword":"123456","username":"hgfdsfgfr","usertypes":"manager"},{"email":"19-40067-1@student.aiub.edu","userpassword":"123456","confirmpassword":"123456","username":"hgfdsfgfr","usertypes":"manager"},{"email":"arik@gmail.com","userpassword":"55555","confirmpassword":"55555","username":"jhfjkd","usertypes":"customer"},{"email":"arik@gmail.com","userpassword":"123456","confirmpassword":"123456","username":"myadmin","usertypes":"customer"},{"email":"helloworld@gmail.com","userpassword":"123456","confirmpassword":"123456","username":"helloworld","usertypes":"customer"},{"email":"mansu@gmail.com","userpassword":"123456","confirmpassword":"123456","username":"mansu","usertypes":"admin"},{"email":"kjhgfd@fgbg.com","userpassword":"';lkjhgf","confirmpassword":"';lkjhgfd","username":".lkjhgf","usertypes":"admin"},{"email":"kjhgfd@fgbg.com","userpassword":"lkjhgfds","confirmpassword":"';lkjhgfdcxz","username":".lkjhgf","usertypes":"admin"},{"email":"kjhgfd@fgbg.com","userpassword":"lkjhgf","confirmpassword":"iuytrfds","username":".lkjhgf","usertypes":"admin"},{"email":"mushfig2756@gmail.com","userpassword":"jhgfds","confirmpassword":"jhgytfdsa","username":"myadmin","usertypes":"admin"},{"email":"kjhgfds@gmail.com","userpassword":"lokiujytre","confirmpassword":"nnnnnnnnnnnnnnnnn","username":"myadmin","usertypes":"admin"},{"email":"subrina@gmail.com","userpassword":"123456","confirmpassword":"123456","username":"subrina","usertypes":"tourguide"},{"email":"mushfig2756@gmail.com","userpassword":"123456","confirmpassword":"123456","username":"myadmin","usertypes":"customer"},{"email":"","userpassword":"","confirmpassword":"","username":"","usertypes":""},{"email":"","userpassword":"","confirmpassword":"","username":"","usertypes":""},{"email":"","userpassword":"","confirmpassword":"","username":"","usertypes":""},{"email":"","userpassword":"","confirmpassword":"","username":"","usertypes":""},{"email":"","userpassword":"","confirmpassword":"","username":"","usertypes":""},{"email":"subrina@gmail.com","userpassword":"123456","confirmpassword":"123456","username":"subrina","usertypes":"tourguide"},{"email":"admin@gmail.com","userpassword":"1234","confirmpassword":"1234","username":"Tanvir","usertypes":"admin"},{"email":"","userpassword":"","confirmpassword":"","username":"","usertypes":"admin"},{"email":"advc@gmail.com","userpassword":"1234","confirmpassword":"1234","username":"musfiqhdhsjkasbasc","usertypes":"customer"},{"email":"a@gmail.com","userpassword":"1234","confirmpassword":"1234","username":"aa","usertypes":"tourguide"},{"email":"","userpassword":"","confirmpassword":"","username":"","usertypes":"admin"},{"email":"as@gmail.com","userpassword":"1234","confirmpassword":"1234","username":"aa","usertypes":"customer"},{"email":"tg@gmail.com","userpassword":"1234","confirmpassword":"1234","username":"aa","usertypes":"customer"},{"email":"fgh@gmail.com","userpassword":"1234","confirmpassword":"1234","username":"Rangamati","usertypes":"tourguide"},{"email":"fgh@gmail.com","userpassword":"1234","confirmpassword":"1234","username":"Rangamati","usertypes":"tourguide"},{"email":"tanvir@gmail.com","userpassword":"1234","confirmpassword":"1234","username":"ADMIN","usertypes":"admin"},{"email":"rtt@gmail.com","userpassword":"1234","confirmpassword":"1234","username":"musfiqhdhsjkasbasc","usertypes":"manager"},{"email":"dfs@gmail.com","userpassword":"1234","confirmpassword":"1234","username":"aa","usertypes":"manager"},{"email":"ac@gmail.com","userpassword":"1234","confirmpassword":"1234","username":"ac@gmail.com","usertypes":"admin"}]